{
    "intentName": "fr.laposte.dsibr.intent.digitizationsd",
    "prefix": "fr.laposte.dsibr.digitization.sd",
    "params": [
        {
            "key": "caller",
            "value": "{ \"appId\": \"ModuleCaller\", \"appName\": \"ModuleCaller\", \"packageName\": \"fr.laposte.dsibr.modulecaller\" }",
            "type": "JSON"
        },
        {
            "key": "outputDocumentCypherKey",
            "value": "ABCDEFGHIJKLMNOPQRSTUVWXYZ012345",
            "type": "STRING"
        }
    ]
}